sss,01-21-15
sss,01-21-15
sss,01-21-15
sss,01-21-15
sss,01-21-15
sss,01-21-15
sss,01-21-15
sss,01-21-15
sss,01-21-15
sss,01-21-15
sss,01-21-15
sss,01-21-15
sss,01-21-15
sss,01-21-15
sss,01-21-15
sss,01-21-15
sss,01-21-15
sss,01-21-15
sss,01-21-15
sss,01-21-15
sss,01-21-15
sss,01-21-15
sss,01-21-15
sss,01-21-15
sss,01-21-15
sss,01-21-15
sss,01-21-15
sss,01-21-15
sss,01-21-15
sss,01-21-15
sss,01-21-15
sss,01-21-15
sss,01-21-15
sss,01-21-15
sss,01-21-15
sss,01-21-15
sss,01-21-15
sss,01-21-15
sss,01-21-15
sss,01-21-15
sss,01-21-15
sss,01-21-15
sss,01-21-15
sss,01-21-15
sss,01-21-15
